individual_id,species,country
DC1_C,Dactylorhiza_cantabrica,Alto do Couto
DC11_AP,Dactylorhiza_cantabrica,Alto da Pedra
DC13_C,Dactylorhiza_cantabrica,Alto do Couto
DC15_AP,Dactylorhiza_cantabrica,Alto da Pedra
DC17_AP,Dactylorhiza_cantabrica,Alto da Pedra
DC5_C,Dactylorhiza_cantabrica,Alto do Couto
DC9_C,Dactylorhiza_cantabrica,Alto do Couto
DI1_T,Dactylorhiza_insularis,Puerto de Pandetrave
DI11_AP,Dactylorhiza_insularis,Alto da Pedra
DI13_AP,Dactylorhiza_insularis,Alto da Pedra
DI13_T,Dactylorhiza_insularis,Puerto de Pandetrave
DI15_AP,Dactylorhiza_insularis,Alto da Pedra
DI18_T,Dactylorhiza_insularis,Puerto de Pandetrave
DS1_C,Dactylorhiza_sambucina,Cármenes
DS1_SG,Dactylorhiza_sambucina,San Glorio
DS1_T,Dactylorhiza_sambucina,Puerto de Pandetrave
DS14_T,Dactylorhiza_sambucina,Puerto de Pandetrave
DS17_T,Dactylorhiza_sambucina,Puerto de Pandetrave
DS21_C,Dactylorhiza_sambucina,Cármenes
DS23_T,Dactylorhiza_sambucina,Puerto de Pandetrave
